timestamp_utc,timestamp_desc,source,artifact,collector_kind,host,user,message,target,severity_max,detection_count,detection_rules,detection_engines,mitre_techniques,detection_severities,file_path,file_size_bytes,file_extension,file_signature_status,hash_sha256,hash_md5,process_pid,process_ppid,process_name,process_command_line,process_parent_name,event_channel,event_id,event_provider,event_logon_type,registry_key,registry_value_name,registry_value_data,network_dst_ip,network_dst_port,network_domain,network_url,network_direction,provenance_raw_file,provenance_raw_row,row_hash
2026-02-10T08:00:00.0000000Z,Modified,filesystem,Generic.Collectors.File,velociraptor,WKS-CORP-01,DOMAIN\alice,filesystem event #0 on WKS-CORP-01,C:\evidence\filesystem\item-0.dat,critical,2,Suspicious activity 0; Malware family 0,sigma; yara,T1059; T1059.001,critical; medium,,,,,,,,,,,,,,,,,,,,,,,,raw/Generic.Collectors.File/results.json,0,cb8f3ffc75083e1947aa2b5cb64ed29cfbb97bfaa04a96635f5b3df4b9dbed57
2026-02-10T08:00:41.0000000Z,EventTime,eventlog,Windows.EventLogs.Evtx,velociraptor,WKS-CORP-01,DOMAIN\bob,eventlog event #1 on WKS-CORP-01,C:\evidence\eventlog\item-1.dat,none,0,,,,,,,,,,,,,,,,,,,,,,,,,,,,raw/Windows.EventLogs.Evtx/results.json,1,4db1e9fbecf785b8cc780c818f9615d1c02926b9818bd0e6458e4e1f87600785
2026-02-10T08:01:22.0000000Z,LastWriteTime,registry,Windows.Registry.AppCompatCache,velociraptor,WKS-CORP-01,SYSTEM,registry event #2 on WKS-CORP-01,C:\evidence\registry\item-2.dat,none,0,,,,,,,,,,,,,,,,,,,,,,,,,,,,raw/Windows.Registry.AppCompatCache/results.json,2,6212bb31c7a463291700b718aefcb476806f99943f4dade5bfdfbf29d22f64fa
2026-02-10T08:02:03.0000000Z,LastExecuted,execution,Windows.Forensics.Prefetch,velociraptor,WKS-CORP-01,SYSTEM,execution event #3 on WKS-CORP-01,C:\evidence\execution\item-3.dat,none,0,,,,,,,,,,,,,,,,,,,,,,,,,,,,raw/Windows.Forensics.Prefetch/results.json,3,07647cea4e6daa0f5fc8349b77c1799879a2dab4ccd95c226dc81f5d96b827ad
2026-02-10T08:02:44.0000000Z,EventTime,network,Windows.Network.Netstat,velociraptor,WKS-CORP-01,DOMAIN\alice,network event #4 on WKS-CORP-01,C:\evidence\network\item-4.dat,none,0,,,,,,,,,,,,,,,,,,,,,,,,,,,,raw/Windows.Network.Netstat/results.json,4,c686fa9250720522aa18fc4cdf92ab330978bbe7389f3049c9d33961e4022e3f
2026-02-10T08:03:25.0000000Z,EventTime,process,Windows.System.Pslist,velociraptor,WKS-CORP-01,DOMAIN\bob,process event #5 on WKS-CORP-01,C:\evidence\process\item-5.dat,none,0,,,,,,,,,,,,,,,,,,,,,,,,,,,,raw/Windows.System.Pslist/results.json,5,d9dc30119d2a650146cbec18fd1b448ab0a0818224a4451f4d076897ebc248da
2026-02-10T08:04:06.0000000Z,Modified,filesystem,Generic.Collectors.File,velociraptor,WKS-CORP-01,SYSTEM,filesystem event #6 on WKS-CORP-01,C:\evidence\filesystem\item-6.dat,none,0,,,,,,,,,,,,,,,,,,,,,,,,,,,,raw/Generic.Collectors.File/results.json,6,ed94cc17c22dd6e0c5ea7bacd4ba277ab8da382926b451692968e33d63b96825
2026-02-10T08:04:47.0000000Z,EventTime,eventlog,Windows.EventLogs.Evtx,velociraptor,WKS-CORP-01,SYSTEM,eventlog event #7 on WKS-CORP-01,C:\evidence\eventlog\item-7.dat,none,0,,,,,,,,,,,,,,,,,,,,,,,,,,,,raw/Windows.EventLogs.Evtx/results.json,7,58696502ac51ccfb03fc29c86c871ecfc0068c03c005109885c9bbf036139be3
2026-02-10T08:05:28.0000000Z,LastWriteTime,registry,Windows.Registry.AppCompatCache,velociraptor,WKS-CORP-01,DOMAIN\alice,registry event #8 on WKS-CORP-01,C:\evidence\registry\item-8.dat,none,0,,,,,,,,,,,,,,,,,,,,,,,,,,,,raw/Windows.Registry.AppCompatCache/results.json,8,31583205f6ae55a4ebdca4f4247cb27ca41ca7653ec39db86f50c0ed9e6727d4
2026-02-10T08:06:09.0000000Z,LastExecuted,execution,Windows.Forensics.Prefetch,velociraptor,WKS-CORP-01,DOMAIN\bob,execution event #9 on WKS-CORP-01,C:\evidence\execution\item-9.dat,none,0,,,,,,,,,,,,,,,,,,,,,,,,,,,,raw/Windows.Forensics.Prefetch/results.json,9,bad17e0910ca356e79e1fd331fbdcf4785cd0674ac28bf84af243518f81fef59
2026-02-10T08:06:50.0000000Z,EventTime,network,Windows.Network.Netstat,velociraptor,WKS-CORP-01,SYSTEM,network event #10 on WKS-CORP-01,C:\evidence\network\item-10.dat,none,0,,,,,,,,,,,,,,,,,,,,,,,,,,,,raw/Windows.Network.Netstat/results.json,10,f7987b79dbbf74e474be7b86afbf4f176dea96400dbbb84fb886dfb92f0ce797
2026-02-10T08:07:31.0000000Z,EventTime,process,Windows.System.Pslist,velociraptor,WKS-CORP-01,SYSTEM,process event #11 on WKS-CORP-01,C:\evidence\process\item-11.dat,none,0,,,,,,,,,,,,,,,,,,,,,,,,,,,,raw/Windows.System.Pslist/results.json,11,82f5ed09cb7dda0f10bf6eca463e9c4d5da824b0e17e2acaa730d6d03812e593
2026-02-10T08:08:12.0000000Z,Modified,filesystem,Generic.Collectors.File,velociraptor,WKS-CORP-01,DOMAIN\alice,filesystem event #12 on WKS-CORP-01,C:\evidence\filesystem\item-12.dat,none,0,,,,,,,,,,,,,,,,,,,,,,,,,,,,raw/Generic.Collectors.File/results.json,12,4a2c9ffcade4998aa5f843fc20ed89b06a2d39ba4e385de1aa6610f7bb9c0e95
2026-02-10T08:08:53.0000000Z,EventTime,eventlog,Windows.EventLogs.Evtx,velociraptor,WKS-CORP-01,DOMAIN\bob,eventlog event #13 on WKS-CORP-01,C:\evidence\eventlog\item-13.dat,high,1,Suspicious activity 13,sigma,T1059; T1059.001,high,,,,,,,,,,,,,,,,,,,,,,,,raw/Windows.EventLogs.Evtx/results.json,13,4210ca3c207c0fd331be22aaa182b4fb8db2d7806ef3d5be4e1688a52cc68574
2026-02-10T08:09:34.0000000Z,LastWriteTime,registry,Windows.Registry.AppCompatCache,velociraptor,WKS-CORP-01,SYSTEM,registry event #14 on WKS-CORP-01,C:\evidence\registry\item-14.dat,none,0,,,,,,,,,,,,,,,,,,,,,,,,,,,,raw/Windows.Registry.AppCompatCache/results.json,14,dc69c8d7fdc5ebc18eb064f42086aacd551d83fe5375c01240ebbcf780e0be62
2026-02-10T08:10:15.0000000Z,LastExecuted,execution,Windows.Forensics.Prefetch,velociraptor,WKS-CORP-01,SYSTEM,execution event #15 on WKS-CORP-01,C:\evidence\execution\item-15.dat,none,0,,,,,,,,,,,,,,,,,,,,,,,,,,,,raw/Windows.Forensics.Prefetch/results.json,15,3a5f056dbd743ae72714c14720e7ca771b57de9d6412b9cd8449c77557f09e60
2026-02-10T08:10:56.0000000Z,EventTime,network,Windows.Network.Netstat,velociraptor,WKS-CORP-01,DOMAIN\alice,network event #16 on WKS-CORP-01,C:\evidence\network\item-16.dat,none,0,,,,,,,,,,,,,,,,,,,,,,,,,,,,raw/Windows.Network.Netstat/results.json,16,3060adb9dca97bd76984bf2919e3cbf9f758657e84d66be1fd9fe929176cc35c
2026-02-10T08:11:37.0000000Z,EventTime,process,Windows.System.Pslist,velociraptor,WKS-CORP-01,DOMAIN\bob,process event #17 on WKS-CORP-01,C:\evidence\process\item-17.dat,none,0,,,,,,,,,,,,,,,,,,,,,,,,,,,,raw/Windows.System.Pslist/results.json,17,7d8424b91059b1fb67be60f94c54f8397073bffea979765be7d5e15eed9201ab
2026-02-10T08:12:18.0000000Z,Modified,filesystem,Generic.Collectors.File,velociraptor,WKS-CORP-01,SYSTEM,filesystem event #18 on WKS-CORP-01,C:\evidence\filesystem\item-18.dat,none,0,,,,,,,,,,,,,,,,,,,,,,,,,,,,raw/Generic.Collectors.File/results.json,18,c6af20bf9c688342e6a67fec931b8ea0c8ed84a400e1eca5fc77c0f5ab6453c6
2026-02-10T08:12:59.0000000Z,EventTime,eventlog,Windows.EventLogs.Evtx,velociraptor,WKS-CORP-01,SYSTEM,eventlog event #19 on WKS-CORP-01,C:\evidence\eventlog\item-19.dat,none,0,,,,,,,,,,,,,,,,,,,,,,,,,,,,raw/Windows.EventLogs.Evtx/results.json,19,158217d8892fa4da038dd81fc4d5d54b692a487fe11f64cfe52ba2e890ef6c41
2026-02-10T08:13:40.0000000Z,LastWriteTime,registry,Windows.Registry.AppCompatCache,velociraptor,WKS-CORP-01,DOMAIN\alice,registry event #20 on WKS-CORP-01,C:\evidence\registry\item-20.dat,none,0,,,,,,,,,,,,,,,,,,,,,,,,,,,,raw/Windows.Registry.AppCompatCache/results.json,20,433916c9997f657453749525792d3a4a7f74346767ed13051d49cc7d6662fbbc
2026-02-10T08:14:21.0000000Z,LastExecuted,execution,Windows.Forensics.Prefetch,velociraptor,WKS-CORP-01,DOMAIN\bob,execution event #21 on WKS-CORP-01,C:\evidence\execution\item-21.dat,none,0,,,,,,,,,,,,,,,,,,,,,,,,,,,,raw/Windows.Forensics.Prefetch/results.json,21,c0831cc07b45143c10c82f53684a3e4749f6bbcb566eb1fc47443feaa7624ef4
2026-02-10T08:15:02.0000000Z,EventTime,network,Windows.Network.Netstat,velociraptor,WKS-CORP-01,SYSTEM,network event #22 on WKS-CORP-01,C:\evidence\network\item-22.dat,none,0,,,,,,,,,,,,,,,,,,,,,,,,,,,,raw/Windows.Network.Netstat/results.json,22,c16ac5f8fca209ff8a65297a819a816d0512730a1a37a6b7bf30d29307582404
2026-02-10T08:15:43.0000000Z,EventTime,process,Windows.System.Pslist,velociraptor,WKS-CORP-01,SYSTEM,process event #23 on WKS-CORP-01,C:\evidence\process\item-23.dat,none,0,,,,,,,,,,,,,,,,,,,,,,,,,,,,raw/Windows.System.Pslist/results.json,23,230bdb8152b43ad7d725cfd001a40f30a154ee5768d09507ef28188d8f4cbef6
2026-02-10T08:16:24.0000000Z,Modified,filesystem,Generic.Collectors.File,velociraptor,WKS-CORP-01,DOMAIN\alice,filesystem event #24 on WKS-CORP-01,C:\evidence\filesystem\item-24.dat,none,0,,,,,,,,,,,,,,,,,,,,,,,,,,,,raw/Generic.Collectors.File/results.json,24,24cfc7120d3f7051fd824083e85553887e9549eae62b3969ee27c3e02a2d6433
2026-02-10T08:17:05.0000000Z,EventTime,eventlog,Windows.EventLogs.Evtx,velociraptor,WKS-CORP-01,DOMAIN\bob,eventlog event #25 on WKS-CORP-01,C:\evidence\eventlog\item-25.dat,none,0,,,,,,,,,,,,,,,,,,,,,,,,,,,,raw/Windows.EventLogs.Evtx/results.json,25,293b6f3e7ddcf4081f88d1a43da1be308fed42af086a28081dfae342eeebacba
2026-02-10T08:17:46.0000000Z,LastWriteTime,registry,Windows.Registry.AppCompatCache,velociraptor,WKS-CORP-01,SYSTEM,registry event #26 on WKS-CORP-01,C:\evidence\registry\item-26.dat,critical,2,Suspicious activity 26; Malware family 26,sigma; yara,T1059; T1059.001,critical; medium,,,,,,,,,,,,,,,,,,,,,,,,raw/Windows.Registry.AppCompatCache/results.json,26,b64a7a3f6e5556fb78ece49830feeea20033c473a8bdeb9cf7095d2926e36a20
2026-02-10T08:18:27.0000000Z,LastExecuted,execution,Windows.Forensics.Prefetch,velociraptor,WKS-CORP-01,SYSTEM,execution event #27 on WKS-CORP-01,C:\evidence\execution\item-27.dat,none,0,,,,,,,,,,,,,,,,,,,,,,,,,,,,raw/Windows.Forensics.Prefetch/results.json,27,4808460a73b32a4105366db4cb8e51d08510121609ba31175dc39b2519e95e84
2026-02-10T08:19:08.0000000Z,EventTime,network,Windows.Network.Netstat,velociraptor,WKS-CORP-01,DOMAIN\alice,network event #28 on WKS-CORP-01,C:\evidence\network\item-28.dat,none,0,,,,,,,,,,,,,,,,,,,,,,,,,,,,raw/Windows.Network.Netstat/results.json,28,80a3ecdf49a1466e7705de219cdbe71715ad5a50aca656b88bd8b041d4d42d75
2026-02-10T08:19:49.0000000Z,EventTime,process,Windows.System.Pslist,velociraptor,WKS-CORP-01,DOMAIN\bob,process event #29 on WKS-CORP-01,C:\evidence\process\item-29.dat,none,0,,,,,,,,,,,,,,,,,,,,,,,,,,,,raw/Windows.System.Pslist/results.json,29,0aa83e86928ebeb4ed9bfa3c1699b1368525238523a8abe62e82d38c189a2c93
2026-02-10T08:20:30.0000000Z,Modified,filesystem,Generic.Collectors.File,velociraptor,WKS-CORP-01,SYSTEM,filesystem event #30 on WKS-CORP-01,C:\evidence\filesystem\item-30.dat,none,0,,,,,,,,,,,,,,,,,,,,,,,,,,,,raw/Generic.Collectors.File/results.json,30,d4e823510f6a6a8d6b80bde231eeea4761f3f83393970cb8f39de0069415b6ba
2026-02-10T08:21:11.0000000Z,EventTime,eventlog,Windows.EventLogs.Evtx,velociraptor,WKS-CORP-01,SYSTEM,eventlog event #31 on WKS-CORP-01,C:\evidence\eventlog\item-31.dat,none,0,,,,,,,,,,,,,,,,,,,,,,,,,,,,raw/Windows.EventLogs.Evtx/results.json,31,97dda1057665aa7c060365d7a4b32fc18f58a48ebb7543b416146ce4a8bae9f0
2026-02-10T08:21:52.0000000Z,LastWriteTime,registry,Windows.Registry.AppCompatCache,velociraptor,WKS-CORP-01,DOMAIN\alice,registry event #32 on WKS-CORP-01,C:\evidence\registry\item-32.dat,none,0,,,,,,,,,,,,,,,,,,,,,,,,,,,,raw/Windows.Registry.AppCompatCache/results.json,32,ef5a799497d5aa3dfb8cef5b88cfb001b0054d50816c509a375c893880c357a9
2026-02-10T08:22:33.0000000Z,LastExecuted,execution,Windows.Forensics.Prefetch,velociraptor,WKS-CORP-01,DOMAIN\bob,execution event #33 on WKS-CORP-01,C:\evidence\execution\item-33.dat,none,0,,,,,,,,,,,,,,,,,,,,,,,,,,,,raw/Windows.Forensics.Prefetch/results.json,33,0653ff828f5f28dcf8c9f3601358d171089e5701103b9639ec4a2515e5008ac1
2026-02-10T08:23:14.0000000Z,EventTime,network,Windows.Network.Netstat,velociraptor,WKS-CORP-01,SYSTEM,network event #34 on WKS-CORP-01,C:\evidence\network\item-34.dat,none,0,,,,,,,,,,,,,,,,,,,,,,,,,,,,raw/Windows.Network.Netstat/results.json,34,8a351dcc22d560b210fc56d4c74bb636f96b2e5bbfb9fbf333841418c279dc6b
2026-02-10T08:23:55.0000000Z,EventTime,process,Windows.System.Pslist,velociraptor,WKS-CORP-01,SYSTEM,process event #35 on WKS-CORP-01,C:\evidence\process\item-35.dat,none,0,,,,,,,,,,,,,,,,,,,,,,,,,,,,raw/Windows.System.Pslist/results.json,35,c15a0aecc45e720d5eb08f87dc41317127e261450ec95928e5015117f41e82af
2026-02-10T08:24:36.0000000Z,Modified,filesystem,Generic.Collectors.File,velociraptor,WKS-CORP-01,DOMAIN\alice,filesystem event #36 on WKS-CORP-01,C:\evidence\filesystem\item-36.dat,none,0,,,,,,,,,,,,,,,,,,,,,,,,,,,,raw/Generic.Collectors.File/results.json,36,d3a705456ce17b6e9b3d5af5ff6c75464518e1a683052d8f6e8df2e409ddbd7f
2026-02-10T08:25:17.0000000Z,EventTime,eventlog,Windows.EventLogs.Evtx,velociraptor,WKS-CORP-01,DOMAIN\bob,eventlog event #37 on WKS-CORP-01,C:\evidence\eventlog\item-37.dat,none,0,,,,,,,,,,,,,,,,,,,,,,,,,,,,raw/Windows.EventLogs.Evtx/results.json,37,8441e6fa81d87778bb20770ab97f59fd49de2a4d174ae4cb20c2fa4e2df8f059
2026-02-10T08:25:58.0000000Z,LastWriteTime,registry,Windows.Registry.AppCompatCache,velociraptor,WKS-CORP-01,SYSTEM,registry event #38 on WKS-CORP-01,C:\evidence\registry\item-38.dat,none,0,,,,,,,,,,,,,,,,,,,,,,,,,,,,raw/Windows.Registry.AppCompatCache/results.json,38,78bd8fbd0805036fdf2a20335dea608a03fff4609f5f5bf4d175e96b328aeb0b
2026-02-10T08:26:39.0000000Z,LastExecuted,execution,Windows.Forensics.Prefetch,velociraptor,WKS-CORP-01,SYSTEM,execution event #39 on WKS-CORP-01,C:\evidence\execution\item-39.dat,high,1,Suspicious activity 39,sigma,T1059; T1059.001,high,,,,,,,,,,,,,,,,,,,,,,,,raw/Windows.Forensics.Prefetch/results.json,39,65008bd19018203020617da8db841df080b983087b70595202f4abeab9540b6e
2026-02-10T08:27:20.0000000Z,EventTime,network,Windows.Network.Netstat,velociraptor,WKS-CORP-01,DOMAIN\alice,network event #40 on WKS-CORP-01,C:\evidence\network\item-40.dat,none,0,,,,,,,,,,,,,,,,,,,,,,,,,,,,raw/Windows.Network.Netstat/results.json,40,86657bd63e49cd2cbe76716ac3df89213a86b5893c8fe1c3c9bb01f667cf71cd
2026-02-10T08:28:01.0000000Z,EventTime,process,Windows.System.Pslist,velociraptor,WKS-CORP-01,DOMAIN\bob,process event #41 on WKS-CORP-01,C:\evidence\process\item-41.dat,none,0,,,,,,,,,,,,,,,,,,,,,,,,,,,,raw/Windows.System.Pslist/results.json,41,1c1b0dc4b6a460679acb62e87f8ccf4fd1490ad9c413bb6114d1f18134cd76a5
2026-02-10T08:28:42.0000000Z,Modified,filesystem,Generic.Collectors.File,velociraptor,WKS-CORP-01,SYSTEM,filesystem event #42 on WKS-CORP-01,C:\evidence\filesystem\item-42.dat,none,0,,,,,,,,,,,,,,,,,,,,,,,,,,,,raw/Generic.Collectors.File/results.json,42,74586ce01f4272997f3fbd4fd885f3a6055ab572d7adddf3b0efb9b7db7c2121
2026-02-10T08:29:23.0000000Z,EventTime,eventlog,Windows.EventLogs.Evtx,velociraptor,WKS-CORP-01,SYSTEM,eventlog event #43 on WKS-CORP-01,C:\evidence\eventlog\item-43.dat,none,0,,,,,,,,,,,,,,,,,,,,,,,,,,,,raw/Windows.EventLogs.Evtx/results.json,43,f0f98a1873bcb225e707e4f8a417e8e84addd6fe4ca0cc6c34bc35244f8c80c2
2026-02-10T08:30:04.0000000Z,LastWriteTime,registry,Windows.Registry.AppCompatCache,velociraptor,WKS-CORP-01,DOMAIN\alice,registry event #44 on WKS-CORP-01,C:\evidence\registry\item-44.dat,none,0,,,,,,,,,,,,,,,,,,,,,,,,,,,,raw/Windows.Registry.AppCompatCache/results.json,44,f80ef3605ab1f37f55d8232a95cf3f2ea7c7dc50aa560322641574d42a5b718b
2026-02-10T08:30:45.0000000Z,LastExecuted,execution,Windows.Forensics.Prefetch,velociraptor,WKS-CORP-01,DOMAIN\bob,execution event #45 on WKS-CORP-01,C:\evidence\execution\item-45.dat,none,0,,,,,,,,,,,,,,,,,,,,,,,,,,,,raw/Windows.Forensics.Prefetch/results.json,45,4eaab26eb9b4b3731e6c3e85063524b6f1458e11866a5bf299e7b3fa0dd948be
2026-02-10T08:31:26.0000000Z,EventTime,network,Windows.Network.Netstat,velociraptor,WKS-CORP-01,SYSTEM,network event #46 on WKS-CORP-01,C:\evidence\network\item-46.dat,none,0,,,,,,,,,,,,,,,,,,,,,,,,,,,,raw/Windows.Network.Netstat/results.json,46,6e55e41136052ae1c35eeeced54bf846d08c28433f44114eb8aa05ef96257593
2026-02-10T08:32:07.0000000Z,EventTime,process,Windows.System.Pslist,velociraptor,WKS-CORP-01,SYSTEM,process event #47 on WKS-CORP-01,C:\evidence\process\item-47.dat,none,0,,,,,,,,,,,,,,,,,,,,,,,,,,,,raw/Windows.System.Pslist/results.json,47,47700290101638b25cc30ec713e0515e6981a0a6876734369c6a53d579ef0942
2026-02-10T08:32:48.0000000Z,Modified,filesystem,Generic.Collectors.File,velociraptor,WKS-CORP-01,DOMAIN\alice,filesystem event #48 on WKS-CORP-01,C:\evidence\filesystem\item-48.dat,none,0,,,,,,,,,,,,,,,,,,,,,,,,,,,,raw/Generic.Collectors.File/results.json,48,39cfb5403382d20592afd9f312f268484c9adbbc9ede8cfb8b54582f188fee8f
2026-02-10T08:33:29.0000000Z,EventTime,eventlog,Windows.EventLogs.Evtx,velociraptor,WKS-CORP-01,DOMAIN\bob,eventlog event #49 on WKS-CORP-01,C:\evidence\eventlog\item-49.dat,none,0,,,,,,,,,,,,,,,,,,,,,,,,,,,,raw/Windows.EventLogs.Evtx/results.json,49,bb25100e9dad20830e50bf409e8cae847dc1ea1179c13be68471524f313dd0ba
2026-02-10T08:34:10.0000000Z,LastWriteTime,registry,Windows.Registry.AppCompatCache,velociraptor,WKS-CORP-01,SYSTEM,registry event #50 on WKS-CORP-01,C:\evidence\registry\item-50.dat,none,0,,,,,,,,,,,,,,,,,,,,,,,,,,,,raw/Windows.Registry.AppCompatCache/results.json,50,ad455b72c89fb71d7fb5376c3d74bc969c1b2e3a63587a2fb44cbdd548171a78
2026-02-10T08:34:51.0000000Z,LastExecuted,execution,Windows.Forensics.Prefetch,velociraptor,WKS-CORP-01,SYSTEM,execution event #51 on WKS-CORP-01,C:\evidence\execution\item-51.dat,none,0,,,,,,,,,,,,,,,,,,,,,,,,,,,,raw/Windows.Forensics.Prefetch/results.json,51,87e5dd0d114b48ef283114c3d34163169e58419aa46ea7418d4f9acfa3aed20e
2026-02-10T08:35:32.0000000Z,EventTime,network,Windows.Network.Netstat,velociraptor,WKS-CORP-01,DOMAIN\alice,network event #52 on WKS-CORP-01,C:\evidence\network\item-52.dat,critical,2,Suspicious activity 52; Malware family 52,sigma; yara,T1059; T1059.001,critical; medium,,,,,,,,,,,,,,,,,,,,,,,,raw/Windows.Network.Netstat/results.json,52,9384ef9104cd6bd6c9cb65994afde5ccb11166e609edb897977e33dc847a2faa
2026-02-10T08:36:13.0000000Z,EventTime,process,Windows.System.Pslist,velociraptor,WKS-CORP-01,DOMAIN\bob,process event #53 on WKS-CORP-01,C:\evidence\process\item-53.dat,none,0,,,,,,,,,,,,,,,,,,,,,,,,,,,,raw/Windows.System.Pslist/results.json,53,740c1774e872fc17c62f554d517b8dac99ac37e96582b2dc5535c7e4a9398c57
2026-02-10T08:36:54.0000000Z,Modified,filesystem,Generic.Collectors.File,velociraptor,WKS-CORP-01,SYSTEM,filesystem event #54 on WKS-CORP-01,C:\evidence\filesystem\item-54.dat,none,0,,,,,,,,,,,,,,,,,,,,,,,,,,,,raw/Generic.Collectors.File/results.json,54,ccae48cbf563e17b29f0bb01e36f2c762d41a260de13d66c63201c915db931c9
2026-02-10T08:37:35.0000000Z,EventTime,eventlog,Windows.EventLogs.Evtx,velociraptor,WKS-CORP-01,SYSTEM,eventlog event #55 on WKS-CORP-01,C:\evidence\eventlog\item-55.dat,none,0,,,,,,,,,,,,,,,,,,,,,,,,,,,,raw/Windows.EventLogs.Evtx/results.json,55,9b97e2b6467c4f50548b8d2650690d1559d14937405dc2df8d54f8afef89b92a
2026-02-10T08:38:16.0000000Z,LastWriteTime,registry,Windows.Registry.AppCompatCache,velociraptor,WKS-CORP-01,DOMAIN\alice,registry event #56 on WKS-CORP-01,C:\evidence\registry\item-56.dat,none,0,,,,,,,,,,,,,,,,,,,,,,,,,,,,raw/Windows.Registry.AppCompatCache/results.json,56,5fc6263c581ea78af74403bd0ccee9ec12740d231dbf3689f83eb9d0968acfc1
2026-02-10T08:38:57.0000000Z,LastExecuted,execution,Windows.Forensics.Prefetch,velociraptor,WKS-CORP-01,DOMAIN\bob,execution event #57 on WKS-CORP-01,C:\evidence\execution\item-57.dat,none,0,,,,,,,,,,,,,,,,,,,,,,,,,,,,raw/Windows.Forensics.Prefetch/results.json,57,e9d731c7db3f696433185102fda48cf3a0534a2268f2d01ce0b408d51a3fcad0
2026-02-10T08:39:38.0000000Z,EventTime,network,Windows.Network.Netstat,velociraptor,WKS-CORP-01,SYSTEM,network event #58 on WKS-CORP-01,C:\evidence\network\item-58.dat,none,0,,,,,,,,,,,,,,,,,,,,,,,,,,,,raw/Windows.Network.Netstat/results.json,58,efed7f90ba6afaed0d5fa6766e7479047ce7e5c0a7b61cea7e35ab749aef81f7
2026-02-10T08:40:19.0000000Z,EventTime,process,Windows.System.Pslist,velociraptor,WKS-CORP-01,SYSTEM,process event #59 on WKS-CORP-01,C:\evidence\process\item-59.dat,none,0,,,,,,,,,,,,,,,,,,,,,,,,,,,,raw/Windows.System.Pslist/results.json,59,3035c868466ec931b1ff9dcbcc22956bfc0df44b56598b457ae26178c81a7212
2026-02-10T08:41:00.0000000Z,Modified,filesystem,Generic.Collectors.File,velociraptor,WKS-CORP-01,DOMAIN\alice,filesystem event #60 on WKS-CORP-01,C:\evidence\filesystem\item-60.dat,none,0,,,,,,,,,,,,,,,,,,,,,,,,,,,,raw/Generic.Collectors.File/results.json,60,8ab684707ff761a42de1920d85ebce2577b1315cd64e43f1f7b1b0b722d85a02
2026-02-10T08:41:41.0000000Z,EventTime,eventlog,Windows.EventLogs.Evtx,velociraptor,WKS-CORP-01,DOMAIN\bob,eventlog event #61 on WKS-CORP-01,C:\evidence\eventlog\item-61.dat,none,0,,,,,,,,,,,,,,,,,,,,,,,,,,,,raw/Windows.EventLogs.Evtx/results.json,61,6e43609e0c65a72d6e1bd64493a2380ba41422fc2c94204a0b8168b7b49af925
2026-02-10T08:42:22.0000000Z,LastWriteTime,registry,Windows.Registry.AppCompatCache,velociraptor,WKS-CORP-01,SYSTEM,registry event #62 on WKS-CORP-01,C:\evidence\registry\item-62.dat,none,0,,,,,,,,,,,,,,,,,,,,,,,,,,,,raw/Windows.Registry.AppCompatCache/results.json,62,4f9b15ebd6163782ac209f25dd62c5bc80b1721e7612b0063ae67f8109735297
2026-02-10T08:43:03.0000000Z,LastExecuted,execution,Windows.Forensics.Prefetch,velociraptor,WKS-CORP-01,SYSTEM,execution event #63 on WKS-CORP-01,C:\evidence\execution\item-63.dat,none,0,,,,,,,,,,,,,,,,,,,,,,,,,,,,raw/Windows.Forensics.Prefetch/results.json,63,fd2725c60780534eefe6e2294331e8ade8189f5c826d41019588936537471377
2026-02-10T08:43:44.0000000Z,EventTime,network,Windows.Network.Netstat,velociraptor,WKS-CORP-01,DOMAIN\alice,network event #64 on WKS-CORP-01,C:\evidence\network\item-64.dat,none,0,,,,,,,,,,,,,,,,,,,,,,,,,,,,raw/Windows.Network.Netstat/results.json,64,eef259497aa7da82e92a796ecd5774e2b8e388e7cf5add633ee7f3a93d290a79
2026-02-10T08:44:25.0000000Z,EventTime,process,Windows.System.Pslist,velociraptor,WKS-CORP-01,DOMAIN\bob,process event #65 on WKS-CORP-01,C:\evidence\process\item-65.dat,high,1,Suspicious activity 65,sigma,T1059; T1059.001,high,,,,,,,,,,,,,,,,,,,,,,,,raw/Windows.System.Pslist/results.json,65,aa57a85a0552619dcf3d2c3c0abf99f040aa4631dfa46d96b00e9d311eadf3df
2026-02-10T08:45:06.0000000Z,Modified,filesystem,Generic.Collectors.File,velociraptor,WKS-CORP-01,SYSTEM,filesystem event #66 on WKS-CORP-01,C:\evidence\filesystem\item-66.dat,none,0,,,,,,,,,,,,,,,,,,,,,,,,,,,,raw/Generic.Collectors.File/results.json,66,b61454b1a27d32594c152a7beb2cdff8decd1a9840d1c8956e45ecb93435084f
2026-02-10T08:45:47.0000000Z,EventTime,eventlog,Windows.EventLogs.Evtx,velociraptor,WKS-CORP-01,SYSTEM,eventlog event #67 on WKS-CORP-01,C:\evidence\eventlog\item-67.dat,none,0,,,,,,,,,,,,,,,,,,,,,,,,,,,,raw/Windows.EventLogs.Evtx/results.json,67,f730fcafa5b7d3baed99ba613766ea8be2e8c273a09e3a48e2dae58c1ca5b33f
2026-02-10T08:46:28.0000000Z,LastWriteTime,registry,Windows.Registry.AppCompatCache,velociraptor,WKS-CORP-01,DOMAIN\alice,registry event #68 on WKS-CORP-01,C:\evidence\registry\item-68.dat,none,0,,,,,,,,,,,,,,,,,,,,,,,,,,,,raw/Windows.Registry.AppCompatCache/results.json,68,f9779624abc7ebaa0e0d0e43eec51302cb7b8edbff97c47dcd4388771514bfe4
2026-02-10T08:47:09.0000000Z,LastExecuted,execution,Windows.Forensics.Prefetch,velociraptor,WKS-CORP-01,DOMAIN\bob,execution event #69 on WKS-CORP-01,C:\evidence\execution\item-69.dat,none,0,,,,,,,,,,,,,,,,,,,,,,,,,,,,raw/Windows.Forensics.Prefetch/results.json,69,d37789220e2be00ec6af0f85d5cf31a2db8e351b251dee03c35048b1cac43dab
2026-02-10T08:47:50.0000000Z,EventTime,network,Windows.Network.Netstat,velociraptor,WKS-CORP-01,SYSTEM,network event #70 on WKS-CORP-01,C:\evidence\network\item-70.dat,none,0,,,,,,,,,,,,,,,,,,,,,,,,,,,,raw/Windows.Network.Netstat/results.json,70,89d44b1e8087a740b57448851974427494d44d682aea6d10e3d7590f1778d700
2026-02-10T08:48:31.0000000Z,EventTime,process,Windows.System.Pslist,velociraptor,WKS-CORP-01,SYSTEM,process event #71 on WKS-CORP-01,C:\evidence\process\item-71.dat,none,0,,,,,,,,,,,,,,,,,,,,,,,,,,,,raw/Windows.System.Pslist/results.json,71,f8293f7dc66f6bda99e93d479107b3b3a6ba495316094082446652c5031e8bed
2026-02-10T08:49:12.0000000Z,Modified,filesystem,Generic.Collectors.File,velociraptor,WKS-CORP-01,DOMAIN\alice,filesystem event #72 on WKS-CORP-01,C:\evidence\filesystem\item-72.dat,none,0,,,,,,,,,,,,,,,,,,,,,,,,,,,,raw/Generic.Collectors.File/results.json,72,a56215b704c803a1a0d26b498ffc200bc3de1fbaeba989aac8f751cf4cb1192a
2026-02-10T08:49:53.0000000Z,EventTime,eventlog,Windows.EventLogs.Evtx,velociraptor,WKS-CORP-01,DOMAIN\bob,eventlog event #73 on WKS-CORP-01,C:\evidence\eventlog\item-73.dat,none,0,,,,,,,,,,,,,,,,,,,,,,,,,,,,raw/Windows.EventLogs.Evtx/results.json,73,630cfbc25e57e5a29fb404634b6cc4f11ca61fd103ed758f174c569586b21594
2026-02-10T08:50:34.0000000Z,LastWriteTime,registry,Windows.Registry.AppCompatCache,velociraptor,WKS-CORP-01,SYSTEM,registry event #74 on WKS-CORP-01,C:\evidence\registry\item-74.dat,none,0,,,,,,,,,,,,,,,,,,,,,,,,,,,,raw/Windows.Registry.AppCompatCache/results.json,74,a2cbe44543ca330be46ac9646ccfab51bd7f91786b61c849eafed3147ebb7802
2026-02-10T08:51:15.0000000Z,LastExecuted,execution,Windows.Forensics.Prefetch,velociraptor,WKS-CORP-01,SYSTEM,execution event #75 on WKS-CORP-01,C:\evidence\execution\item-75.dat,none,0,,,,,,,,,,,,,,,,,,,,,,,,,,,,raw/Windows.Forensics.Prefetch/results.json,75,e1f227ce7f75bf73a59c00628f21ecde0963249a0ed6dad942867dfcab26f5a8
2026-02-10T08:51:56.0000000Z,EventTime,network,Windows.Network.Netstat,velociraptor,WKS-CORP-01,DOMAIN\alice,network event #76 on WKS-CORP-01,C:\evidence\network\item-76.dat,none,0,,,,,,,,,,,,,,,,,,,,,,,,,,,,raw/Windows.Network.Netstat/results.json,76,ebe524d3aea401cbd701f16f5d3f8f2ec7bc5becfc7f9a4fca1e6c47a1cb1cde
2026-02-10T08:52:37.0000000Z,EventTime,process,Windows.System.Pslist,velociraptor,WKS-CORP-01,DOMAIN\bob,process event #77 on WKS-CORP-01,C:\evidence\process\item-77.dat,none,0,,,,,,,,,,,,,,,,,,,,,,,,,,,,raw/Windows.System.Pslist/results.json,77,c9897bc392855bc3825f6590859e13bea5997595bff76ea93f4d1ac8480594fb
2026-02-10T08:53:18.0000000Z,Modified,filesystem,Generic.Collectors.File,velociraptor,WKS-CORP-01,SYSTEM,filesystem event #78 on WKS-CORP-01,C:\evidence\filesystem\item-78.dat,critical,2,Suspicious activity 78; Malware family 78,sigma; yara,T1059; T1059.001,critical; medium,,,,,,,,,,,,,,,,,,,,,,,,raw/Generic.Collectors.File/results.json,78,34ee5f6b4c5bab9b091a2c8e08260b821f45d345ac9a87241154228c462e8db7
2026-02-10T08:53:59.0000000Z,EventTime,eventlog,Windows.EventLogs.Evtx,velociraptor,WKS-CORP-01,SYSTEM,eventlog event #79 on WKS-CORP-01,C:\evidence\eventlog\item-79.dat,none,0,,,,,,,,,,,,,,,,,,,,,,,,,,,,raw/Windows.EventLogs.Evtx/results.json,79,8e10c8d58135d703c9196bc6c8b88b56478b4a4980ef4a18849d26eec587b7a2
2026-02-10T08:54:40.0000000Z,LastWriteTime,registry,Windows.Registry.AppCompatCache,velociraptor,WKS-CORP-01,DOMAIN\alice,registry event #80 on WKS-CORP-01,C:\evidence\registry\item-80.dat,none,0,,,,,,,,,,,,,,,,,,,,,,,,,,,,raw/Windows.Registry.AppCompatCache/results.json,80,b6ae3b0d296a03593e066270810d469ee73b803f39bebe7356fb418196ecabfc
2026-02-10T08:55:21.0000000Z,LastExecuted,execution,Windows.Forensics.Prefetch,velociraptor,WKS-CORP-01,DOMAIN\bob,execution event #81 on WKS-CORP-01,C:\evidence\execution\item-81.dat,none,0,,,,,,,,,,,,,,,,,,,,,,,,,,,,raw/Windows.Forensics.Prefetch/results.json,81,46570bd1dd682c0bc346a3ec4d18eb5243a5fa9c56a22c2bfabefcc3d1c54915
2026-02-10T08:56:02.0000000Z,EventTime,network,Windows.Network.Netstat,velociraptor,WKS-CORP-01,SYSTEM,network event #82 on WKS-CORP-01,C:\evidence\network\item-82.dat,none,0,,,,,,,,,,,,,,,,,,,,,,,,,,,,raw/Windows.Network.Netstat/results.json,82,842605fcbb502c9c8435935c8046c0c8752be1cc1549b5170ff23c699f4698a3
2026-02-10T08:56:43.0000000Z,EventTime,process,Windows.System.Pslist,velociraptor,WKS-CORP-01,SYSTEM,process event #83 on WKS-CORP-01,C:\evidence\process\item-83.dat,none,0,,,,,,,,,,,,,,,,,,,,,,,,,,,,raw/Windows.System.Pslist/results.json,83,68cbf892f6a8766cd97259baa8229e3a1e5030b921b82c1627e3d41b7f14dddf
2026-02-10T08:57:24.0000000Z,Modified,filesystem,Generic.Collectors.File,velociraptor,WKS-CORP-01,DOMAIN\alice,filesystem event #84 on WKS-CORP-01,C:\evidence\filesystem\item-84.dat,none,0,,,,,,,,,,,,,,,,,,,,,,,,,,,,raw/Generic.Collectors.File/results.json,84,44993881adce09e6820246944cfda57291af271703fc492e9d3f82135cf9e9f1
2026-02-10T08:58:05.0000000Z,EventTime,eventlog,Windows.EventLogs.Evtx,velociraptor,WKS-CORP-01,DOMAIN\bob,eventlog event #85 on WKS-CORP-01,C:\evidence\eventlog\item-85.dat,none,0,,,,,,,,,,,,,,,,,,,,,,,,,,,,raw/Windows.EventLogs.Evtx/results.json,85,2dd23cc5f94e70e3239425741676a6474caefcc884f109abc2bba732d008e9d9
2026-02-10T08:58:46.0000000Z,LastWriteTime,registry,Windows.Registry.AppCompatCache,velociraptor,WKS-CORP-01,SYSTEM,registry event #86 on WKS-CORP-01,C:\evidence\registry\item-86.dat,none,0,,,,,,,,,,,,,,,,,,,,,,,,,,,,raw/Windows.Registry.AppCompatCache/results.json,86,8e67f9c64c476ca368d6921f7f67e0872a1319295d78907d53b907052bd23082
2026-02-10T08:59:27.0000000Z,LastExecuted,execution,Windows.Forensics.Prefetch,velociraptor,WKS-CORP-01,SYSTEM,execution event #87 on WKS-CORP-01,C:\evidence\execution\item-87.dat,none,0,,,,,,,,,,,,,,,,,,,,,,,,,,,,raw/Windows.Forensics.Prefetch/results.json,87,bf6b0669037bb914e5519647b8c2e4d50534645a5088ba45d64506c42c8a275d
2026-02-10T09:00:08.0000000Z,EventTime,network,Windows.Network.Netstat,velociraptor,WKS-CORP-01,DOMAIN\alice,network event #88 on WKS-CORP-01,C:\evidence\network\item-88.dat,none,0,,,,,,,,,,,,,,,,,,,,,,,,,,,,raw/Windows.Network.Netstat/results.json,88,bf2efc3a72fde94c280ff188b346a9b1459276e20f51c997f8422258e1185392
2026-02-10T09:00:49.0000000Z,EventTime,process,Windows.System.Pslist,velociraptor,WKS-CORP-01,DOMAIN\bob,process event #89 on WKS-CORP-01,C:\evidence\process\item-89.dat,none,0,,,,,,,,,,,,,,,,,,,,,,,,,,,,raw/Windows.System.Pslist/results.json,89,bf4e6ff28afe57db8208aca90f7836a6aef610087406703a7da615f9447aae8f
2026-02-10T09:01:30.0000000Z,Modified,filesystem,Generic.Collectors.File,velociraptor,WKS-CORP-01,SYSTEM,filesystem event #90 on WKS-CORP-01,C:\evidence\filesystem\item-90.dat,none,0,,,,,,,,,,,,,,,,,,,,,,,,,,,,raw/Generic.Collectors.File/results.json,90,231e083c49b27ab863f82359fcdf4de6cc981b50eddcf8b66067ad77909a6524
2026-02-10T09:02:11.0000000Z,EventTime,eventlog,Windows.EventLogs.Evtx,velociraptor,WKS-CORP-01,SYSTEM,eventlog event #91 on WKS-CORP-01,C:\evidence\eventlog\item-91.dat,high,1,Suspicious activity 91,sigma,T1059; T1059.001,high,,,,,,,,,,,,,,,,,,,,,,,,raw/Windows.EventLogs.Evtx/results.json,91,02f4bdfc3c415e334ede9dee9c3d48e11196cf3a47540d37ea67e04492c11248
2026-02-10T09:02:52.0000000Z,LastWriteTime,registry,Windows.Registry.AppCompatCache,velociraptor,WKS-CORP-01,DOMAIN\alice,registry event #92 on WKS-CORP-01,C:\evidence\registry\item-92.dat,none,0,,,,,,,,,,,,,,,,,,,,,,,,,,,,raw/Windows.Registry.AppCompatCache/results.json,92,23cbfb267c95f1a02092bdc84408af4b19d559f55faf4a5970e5f109e982c44b
2026-02-10T09:03:33.0000000Z,LastExecuted,execution,Windows.Forensics.Prefetch,velociraptor,WKS-CORP-01,DOMAIN\bob,execution event #93 on WKS-CORP-01,C:\evidence\execution\item-93.dat,none,0,,,,,,,,,,,,,,,,,,,,,,,,,,,,raw/Windows.Forensics.Prefetch/results.json,93,ac3fbc1155b304df57efebc6acb1838599fa5614ed4a19da83214c564d5ccb29
2026-02-10T09:04:14.0000000Z,EventTime,network,Windows.Network.Netstat,velociraptor,WKS-CORP-01,SYSTEM,network event #94 on WKS-CORP-01,C:\evidence\network\item-94.dat,none,0,,,,,,,,,,,,,,,,,,,,,,,,,,,,raw/Windows.Network.Netstat/results.json,94,73e1478fdf8f5fe8471b8a716d35fde8fedda1eefcd225c8ff195b7323c10202
2026-02-10T09:04:55.0000000Z,EventTime,process,Windows.System.Pslist,velociraptor,WKS-CORP-01,SYSTEM,process event #95 on WKS-CORP-01,C:\evidence\process\item-95.dat,none,0,,,,,,,,,,,,,,,,,,,,,,,,,,,,raw/Windows.System.Pslist/results.json,95,3bb251986ec88ab9c5f25a5803997aa70fb91bab20d39ea665fef1c377eb1cf8
2026-02-10T09:05:36.0000000Z,Modified,filesystem,Generic.Collectors.File,velociraptor,WKS-CORP-01,DOMAIN\alice,filesystem event #96 on WKS-CORP-01,C:\evidence\filesystem\item-96.dat,none,0,,,,,,,,,,,,,,,,,,,,,,,,,,,,raw/Generic.Collectors.File/results.json,96,974e0506c407989ef212e8eb62b0d3101c1dd171c874891b6fe71b449ac9744a
2026-02-10T09:06:17.0000000Z,EventTime,eventlog,Windows.EventLogs.Evtx,velociraptor,WKS-CORP-01,DOMAIN\bob,eventlog event #97 on WKS-CORP-01,C:\evidence\eventlog\item-97.dat,none,0,,,,,,,,,,,,,,,,,,,,,,,,,,,,raw/Windows.EventLogs.Evtx/results.json,97,04b854cdb631c93fdd425b3e9d057d90e8dbf07810065ca84a0388234bb09a87
2026-02-10T09:06:58.0000000Z,LastWriteTime,registry,Windows.Registry.AppCompatCache,velociraptor,WKS-CORP-01,SYSTEM,registry event #98 on WKS-CORP-01,C:\evidence\registry\item-98.dat,none,0,,,,,,,,,,,,,,,,,,,,,,,,,,,,raw/Windows.Registry.AppCompatCache/results.json,98,e880066fe846702c9f60f7a93c388d768fe41680a0345bd660431f1a7ce66604
2026-02-10T09:07:39.0000000Z,LastExecuted,execution,Windows.Forensics.Prefetch,velociraptor,WKS-CORP-01,SYSTEM,execution event #99 on WKS-CORP-01,C:\evidence\execution\item-99.dat,none,0,,,,,,,,,,,,,,,,,,,,,,,,,,,,raw/Windows.Forensics.Prefetch/results.json,99,73ff9ff1dcea20d64ccb8e77ad8822609176a3e60bda2ad152997720910ae16d
2026-02-10T09:08:20.0000000Z,EventTime,network,Windows.Network.Netstat,velociraptor,WKS-CORP-01,DOMAIN\alice,network event #100 on WKS-CORP-01,C:\evidence\network\item-100.dat,none,0,,,,,,,,,,,,,,,,,,,,,,,,,,,,raw/Windows.Network.Netstat/results.json,100,63c6f67f6dc2b102a65a892b31d38450cd18f86e835d68044cfc37887b295ec3
2026-02-10T09:09:01.0000000Z,EventTime,process,Windows.System.Pslist,velociraptor,WKS-CORP-01,DOMAIN\bob,process event #101 on WKS-CORP-01,C:\evidence\process\item-101.dat,none,0,,,,,,,,,,,,,,,,,,,,,,,,,,,,raw/Windows.System.Pslist/results.json,101,8d0b17ad869ebc00917b3511815bf5f464637d4a89cf7f024955c1d538cf1971
2026-02-10T09:09:42.0000000Z,Modified,filesystem,Generic.Collectors.File,velociraptor,WKS-CORP-01,SYSTEM,filesystem event #102 on WKS-CORP-01,C:\evidence\filesystem\item-102.dat,none,0,,,,,,,,,,,,,,,,,,,,,,,,,,,,raw/Generic.Collectors.File/results.json,102,6422a61d0c2a68abb4579f2b0649d07f6264665d91cd1d5a8dc1b72e9c6012d9
2026-02-10T09:10:23.0000000Z,EventTime,eventlog,Windows.EventLogs.Evtx,velociraptor,WKS-CORP-01,SYSTEM,eventlog event #103 on WKS-CORP-01,C:\evidence\eventlog\item-103.dat,none,0,,,,,,,,,,,,,,,,,,,,,,,,,,,,raw/Windows.EventLogs.Evtx/results.json,103,69170b7d445ea4912addcb69f42ac277f479585e4ed4acaed47d93febe8f9a7c
2026-02-10T09:11:04.0000000Z,LastWriteTime,registry,Windows.Registry.AppCompatCache,velociraptor,WKS-CORP-01,DOMAIN\alice,registry event #104 on WKS-CORP-01,C:\evidence\registry\item-104.dat,critical,2,Suspicious activity 104; Malware family 104,sigma; yara,T1059; T1059.001,critical; medium,,,,,,,,,,,,,,,,,,,,,,,,raw/Windows.Registry.AppCompatCache/results.json,104,3a0ce2f6c6c4b6a805b5cfd9b109251ba7865eb123a5c32b3bf62e4622b7764d
2026-02-10T09:11:45.0000000Z,LastExecuted,execution,Windows.Forensics.Prefetch,velociraptor,WKS-CORP-01,DOMAIN\bob,execution event #105 on WKS-CORP-01,C:\evidence\execution\item-105.dat,none,0,,,,,,,,,,,,,,,,,,,,,,,,,,,,raw/Windows.Forensics.Prefetch/results.json,105,c7a689615088cfb9b52b6e373555f69567e190c43411927c8b678cfabe8e71a3
2026-02-10T09:12:26.0000000Z,EventTime,network,Windows.Network.Netstat,velociraptor,WKS-CORP-01,SYSTEM,network event #106 on WKS-CORP-01,C:\evidence\network\item-106.dat,none,0,,,,,,,,,,,,,,,,,,,,,,,,,,,,raw/Windows.Network.Netstat/results.json,106,2a74e3953b301c8012576261c112a7f38eff8c9c021850816a5677eacab40ed1
2026-02-10T09:13:07.0000000Z,EventTime,process,Windows.System.Pslist,velociraptor,WKS-CORP-01,SYSTEM,process event #107 on WKS-CORP-01,C:\evidence\process\item-107.dat,none,0,,,,,,,,,,,,,,,,,,,,,,,,,,,,raw/Windows.System.Pslist/results.json,107,cf4b75f42df86eab07b8852b0564e2c6539f45411d96fd3c86486dbb3734aba1
2026-02-10T09:13:48.0000000Z,Modified,filesystem,Generic.Collectors.File,velociraptor,WKS-CORP-01,DOMAIN\alice,filesystem event #108 on WKS-CORP-01,C:\evidence\filesystem\item-108.dat,none,0,,,,,,,,,,,,,,,,,,,,,,,,,,,,raw/Generic.Collectors.File/results.json,108,5179f3f5050bd2bf324cf34bda8aae0468a28196fdee0e9067d0740ce3117d78
2026-02-10T09:14:29.0000000Z,EventTime,eventlog,Windows.EventLogs.Evtx,velociraptor,WKS-CORP-01,DOMAIN\bob,eventlog event #109 on WKS-CORP-01,C:\evidence\eventlog\item-109.dat,none,0,,,,,,,,,,,,,,,,,,,,,,,,,,,,raw/Windows.EventLogs.Evtx/results.json,109,834c029e04f1153ffc7460e2e10d1ab809cacaa95f81592ac64a63bb0e078c2b
2026-02-10T09:15:10.0000000Z,LastWriteTime,registry,Windows.Registry.AppCompatCache,velociraptor,WKS-CORP-01,SYSTEM,registry event #110 on WKS-CORP-01,C:\evidence\registry\item-110.dat,none,0,,,,,,,,,,,,,,,,,,,,,,,,,,,,raw/Windows.Registry.AppCompatCache/results.json,110,3b4956a9213a9dae3ff85ad6282ad1176e35060fb8fbbab3e8a8f1f5e5e8854b
2026-02-10T09:15:51.0000000Z,LastExecuted,execution,Windows.Forensics.Prefetch,velociraptor,WKS-CORP-01,SYSTEM,execution event #111 on WKS-CORP-01,C:\evidence\execution\item-111.dat,none,0,,,,,,,,,,,,,,,,,,,,,,,,,,,,raw/Windows.Forensics.Prefetch/results.json,111,c2001a4285c4565a9414a63fa8d3f94f36bbde24900106c73b7a0d08697fbedc
2026-02-10T09:16:32.0000000Z,EventTime,network,Windows.Network.Netstat,velociraptor,WKS-CORP-01,DOMAIN\alice,network event #112 on WKS-CORP-01,C:\evidence\network\item-112.dat,none,0,,,,,,,,,,,,,,,,,,,,,,,,,,,,raw/Windows.Network.Netstat/results.json,112,c68d4a052e0ba37c20f47dc5da2b96c68f0d251e252778d73b59b6c9f1cea0a3
2026-02-10T09:17:13.0000000Z,EventTime,process,Windows.System.Pslist,velociraptor,WKS-CORP-01,DOMAIN\bob,process event #113 on WKS-CORP-01,C:\evidence\process\item-113.dat,none,0,,,,,,,,,,,,,,,,,,,,,,,,,,,,raw/Windows.System.Pslist/results.json,113,3431222e072282fd6bdfb98753acabbedc11b84aa9b0bb8fd0cebe358062381d
2026-02-10T09:17:54.0000000Z,Modified,filesystem,Generic.Collectors.File,velociraptor,WKS-CORP-01,SYSTEM,filesystem event #114 on WKS-CORP-01,C:\evidence\filesystem\item-114.dat,none,0,,,,,,,,,,,,,,,,,,,,,,,,,,,,raw/Generic.Collectors.File/results.json,114,f552d31a1014d7f8de3ece1da1cff43cf39eddc76bfbc4e7c85dc86242122809
2026-02-10T09:18:35.0000000Z,EventTime,eventlog,Windows.EventLogs.Evtx,velociraptor,WKS-CORP-01,SYSTEM,eventlog event #115 on WKS-CORP-01,C:\evidence\eventlog\item-115.dat,none,0,,,,,,,,,,,,,,,,,,,,,,,,,,,,raw/Windows.EventLogs.Evtx/results.json,115,73df09cf1c04582a29d0804f00da24fddcada9d8721392308b6e7e7db7754efd
2026-02-10T09:19:16.0000000Z,LastWriteTime,registry,Windows.Registry.AppCompatCache,velociraptor,WKS-CORP-01,DOMAIN\alice,registry event #116 on WKS-CORP-01,C:\evidence\registry\item-116.dat,none,0,,,,,,,,,,,,,,,,,,,,,,,,,,,,raw/Windows.Registry.AppCompatCache/results.json,116,289fcdfad737c46a5d725e8d746d9f56d98cd2914f788e3648421aa0a6849c02
2026-02-10T09:19:57.0000000Z,LastExecuted,execution,Windows.Forensics.Prefetch,velociraptor,WKS-CORP-01,DOMAIN\bob,execution event #117 on WKS-CORP-01,C:\evidence\execution\item-117.dat,high,1,Suspicious activity 117,sigma,T1059; T1059.001,high,,,,,,,,,,,,,,,,,,,,,,,,raw/Windows.Forensics.Prefetch/results.json,117,783528c22b0744d18c5f7488fb4b22547049d7bb538a3387efafc566f0fa51ca
2026-02-10T09:20:38.0000000Z,EventTime,network,Windows.Network.Netstat,velociraptor,WKS-CORP-01,SYSTEM,network event #118 on WKS-CORP-01,C:\evidence\network\item-118.dat,none,0,,,,,,,,,,,,,,,,,,,,,,,,,,,,raw/Windows.Network.Netstat/results.json,118,51b9190a96cad15d51f64e62a2d155b799e288df3cc90fc8b91c66cd70c598f9
2026-02-10T09:21:19.0000000Z,EventTime,process,Windows.System.Pslist,velociraptor,WKS-CORP-01,SYSTEM,process event #119 on WKS-CORP-01,C:\evidence\process\item-119.dat,none,0,,,,,,,,,,,,,,,,,,,,,,,,,,,,raw/Windows.System.Pslist/results.json,119,c9a7bdddf401b45119f8a3f76ac722348b56be36505fd6340a57d85232a7d50d
2026-02-10T09:22:00.0000000Z,Modified,filesystem,Generic.Collectors.File,velociraptor,WKS-CORP-01,DOMAIN\alice,filesystem event #120 on WKS-CORP-01,C:\evidence\filesystem\item-120.dat,none,0,,,,,,,,,,,,,,,,,,,,,,,,,,,,raw/Generic.Collectors.File/results.json,120,4277c54abfd29b845f2a8fc92d5eed3780cd709f0c4b498fe7e2241cb8886114
2026-02-10T09:22:41.0000000Z,EventTime,eventlog,Windows.EventLogs.Evtx,velociraptor,WKS-CORP-01,DOMAIN\bob,eventlog event #121 on WKS-CORP-01,C:\evidence\eventlog\item-121.dat,none,0,,,,,,,,,,,,,,,,,,,,,,,,,,,,raw/Windows.EventLogs.Evtx/results.json,121,47dbf545274b0f24b5b238e16dd1b6e6464e7211d3307268e0dc40bdfae83393
2026-02-10T09:23:22.0000000Z,LastWriteTime,registry,Windows.Registry.AppCompatCache,velociraptor,WKS-CORP-01,SYSTEM,registry event #122 on WKS-CORP-01,C:\evidence\registry\item-122.dat,none,0,,,,,,,,,,,,,,,,,,,,,,,,,,,,raw/Windows.Registry.AppCompatCache/results.json,122,166395d891d4cc034f02e2c0a96a23c2ab5438b2058281e300f651c9e8de2fe7
2026-02-10T09:24:03.0000000Z,LastExecuted,execution,Windows.Forensics.Prefetch,velociraptor,WKS-CORP-01,SYSTEM,execution event #123 on WKS-CORP-01,C:\evidence\execution\item-123.dat,none,0,,,,,,,,,,,,,,,,,,,,,,,,,,,,raw/Windows.Forensics.Prefetch/results.json,123,a6090abcb3af07d08a25ccfef08f583aeaa5bd77b2019af6260d412bb13e03a0
2026-02-10T09:24:44.0000000Z,EventTime,network,Windows.Network.Netstat,velociraptor,WKS-CORP-01,DOMAIN\alice,network event #124 on WKS-CORP-01,C:\evidence\network\item-124.dat,none,0,,,,,,,,,,,,,,,,,,,,,,,,,,,,raw/Windows.Network.Netstat/results.json,124,b8a4084893d0bb6d8fcf94278d6d20cc97c8d15859da09803bb6ae21ff595a09
2026-02-10T09:25:25.0000000Z,EventTime,process,Windows.System.Pslist,velociraptor,WKS-CORP-01,DOMAIN\bob,process event #125 on WKS-CORP-01,C:\evidence\process\item-125.dat,none,0,,,,,,,,,,,,,,,,,,,,,,,,,,,,raw/Windows.System.Pslist/results.json,125,88a301a3b918efa2116208a4765cf50a446de31527b2996096dc61c5852af982
2026-02-10T09:26:06.0000000Z,Modified,filesystem,Generic.Collectors.File,velociraptor,WKS-CORP-01,SYSTEM,filesystem event #126 on WKS-CORP-01,C:\evidence\filesystem\item-126.dat,none,0,,,,,,,,,,,,,,,,,,,,,,,,,,,,raw/Generic.Collectors.File/results.json,126,8a1b7cd007a9a4c43dea72e5284523f79d737d2ebd0696eaff506708ee45daf5
2026-02-10T09:26:47.0000000Z,EventTime,eventlog,Windows.EventLogs.Evtx,velociraptor,WKS-CORP-01,SYSTEM,eventlog event #127 on WKS-CORP-01,C:\evidence\eventlog\item-127.dat,none,0,,,,,,,,,,,,,,,,,,,,,,,,,,,,raw/Windows.EventLogs.Evtx/results.json,127,613ab059a11b64b3532615cb1350a8aea09256cc73e39b7cf84ff6420ce2eb85
2026-02-10T09:27:28.0000000Z,LastWriteTime,registry,Windows.Registry.AppCompatCache,velociraptor,WKS-CORP-01,DOMAIN\alice,registry event #128 on WKS-CORP-01,C:\evidence\registry\item-128.dat,none,0,,,,,,,,,,,,,,,,,,,,,,,,,,,,raw/Windows.Registry.AppCompatCache/results.json,128,b9301cea1c54becdbda2b2e948b3d6483b15aa06096275b4ff9e338f9d50cf2b
2026-02-10T09:28:09.0000000Z,LastExecuted,execution,Windows.Forensics.Prefetch,velociraptor,WKS-CORP-01,DOMAIN\bob,execution event #129 on WKS-CORP-01,C:\evidence\execution\item-129.dat,none,0,,,,,,,,,,,,,,,,,,,,,,,,,,,,raw/Windows.Forensics.Prefetch/results.json,129,dd8cc7b5efd2144906e2df030ec96faa81f502886a2f67a28414632a1413154b
2026-02-10T09:28:50.0000000Z,EventTime,network,Windows.Network.Netstat,velociraptor,WKS-CORP-01,SYSTEM,network event #130 on WKS-CORP-01,C:\evidence\network\item-130.dat,critical,2,Suspicious activity 130; Malware family 130,sigma; yara,T1059; T1059.001,critical; medium,,,,,,,,,,,,,,,,,,,,,,,,raw/Windows.Network.Netstat/results.json,130,305f9b56ae711b8192b4b44caa77484928dd37044d420c3393a87ae95af6885b
2026-02-10T09:29:31.0000000Z,EventTime,process,Windows.System.Pslist,velociraptor,WKS-CORP-01,SYSTEM,process event #131 on WKS-CORP-01,C:\evidence\process\item-131.dat,none,0,,,,,,,,,,,,,,,,,,,,,,,,,,,,raw/Windows.System.Pslist/results.json,131,917d06d8cba8521527d963d69144d80eeb3975ad1ee94d6852daddac8164058c
2026-02-10T09:30:12.0000000Z,Modified,filesystem,Generic.Collectors.File,velociraptor,WKS-CORP-01,DOMAIN\alice,filesystem event #132 on WKS-CORP-01,C:\evidence\filesystem\item-132.dat,none,0,,,,,,,,,,,,,,,,,,,,,,,,,,,,raw/Generic.Collectors.File/results.json,132,bcdef4466da697a38e74c404b629f57329ec5064bca599545231e7b169fef4d3
2026-02-10T09:30:53.0000000Z,EventTime,eventlog,Windows.EventLogs.Evtx,velociraptor,WKS-CORP-01,DOMAIN\bob,eventlog event #133 on WKS-CORP-01,C:\evidence\eventlog\item-133.dat,none,0,,,,,,,,,,,,,,,,,,,,,,,,,,,,raw/Windows.EventLogs.Evtx/results.json,133,a329564e1510aed9c5b64cd9ff75efe439ebc22588fa3257719893ac71b3c1e2
2026-02-10T09:31:34.0000000Z,LastWriteTime,registry,Windows.Registry.AppCompatCache,velociraptor,WKS-CORP-01,SYSTEM,registry event #134 on WKS-CORP-01,C:\evidence\registry\item-134.dat,none,0,,,,,,,,,,,,,,,,,,,,,,,,,,,,raw/Windows.Registry.AppCompatCache/results.json,134,aea14bfb409e02dfee1663cf30b77394d112fa655e7d9ea114aab4dc6bf1031d
2026-02-10T09:32:15.0000000Z,LastExecuted,execution,Windows.Forensics.Prefetch,velociraptor,WKS-CORP-01,SYSTEM,execution event #135 on WKS-CORP-01,C:\evidence\execution\item-135.dat,none,0,,,,,,,,,,,,,,,,,,,,,,,,,,,,raw/Windows.Forensics.Prefetch/results.json,135,3236335deb2f6eab92277713c97bdf9a81d17a192df7c83654cab46ff820097a
2026-02-10T09:32:56.0000000Z,EventTime,network,Windows.Network.Netstat,velociraptor,WKS-CORP-01,DOMAIN\alice,network event #136 on WKS-CORP-01,C:\evidence\network\item-136.dat,none,0,,,,,,,,,,,,,,,,,,,,,,,,,,,,raw/Windows.Network.Netstat/results.json,136,c0bc50406fe500e7f8d44091d6b042cb9d8dde083568a9c4417b1a23128c2246
2026-02-10T09:33:37.0000000Z,EventTime,process,Windows.System.Pslist,velociraptor,WKS-CORP-01,DOMAIN\bob,process event #137 on WKS-CORP-01,C:\evidence\process\item-137.dat,none,0,,,,,,,,,,,,,,,,,,,,,,,,,,,,raw/Windows.System.Pslist/results.json,137,b572a20b11336b4c24e2cd107fe38aee959f257947ea7a5c221ffb7ead694730
2026-02-10T09:34:18.0000000Z,Modified,filesystem,Generic.Collectors.File,velociraptor,WKS-CORP-01,SYSTEM,filesystem event #138 on WKS-CORP-01,C:\evidence\filesystem\item-138.dat,none,0,,,,,,,,,,,,,,,,,,,,,,,,,,,,raw/Generic.Collectors.File/results.json,138,7061cca3995a897a6ddc40981143477503b12ff0bfd9361131bb8e0294540f9d
2026-02-10T09:34:59.0000000Z,EventTime,eventlog,Windows.EventLogs.Evtx,velociraptor,WKS-CORP-01,SYSTEM,eventlog event #139 on WKS-CORP-01,C:\evidence\eventlog\item-139.dat,none,0,,,,,,,,,,,,,,,,,,,,,,,,,,,,raw/Windows.EventLogs.Evtx/results.json,139,cf5b8afcaffd0edc49f513c85e597c8c0a4d2cc1d19b8c48c092702acc347c67
2026-02-10T09:35:40.0000000Z,LastWriteTime,registry,Windows.Registry.AppCompatCache,velociraptor,WKS-CORP-01,DOMAIN\alice,registry event #140 on WKS-CORP-01,C:\evidence\registry\item-140.dat,none,0,,,,,,,,,,,,,,,,,,,,,,,,,,,,raw/Windows.Registry.AppCompatCache/results.json,140,3ec0437153d0c9cecb15437a1a9aee8e6da5e70559dd06cd2fac3386e6256b7d
2026-02-10T09:36:21.0000000Z,LastExecuted,execution,Windows.Forensics.Prefetch,velociraptor,WKS-CORP-01,DOMAIN\bob,execution event #141 on WKS-CORP-01,C:\evidence\execution\item-141.dat,none,0,,,,,,,,,,,,,,,,,,,,,,,,,,,,raw/Windows.Forensics.Prefetch/results.json,141,3c721fdfb77f302d3e11b5daea3bb95fb7158e8d63e01fbdba750649c911dcc8
2026-02-10T09:37:02.0000000Z,EventTime,network,Windows.Network.Netstat,velociraptor,WKS-CORP-01,SYSTEM,network event #142 on WKS-CORP-01,C:\evidence\network\item-142.dat,none,0,,,,,,,,,,,,,,,,,,,,,,,,,,,,raw/Windows.Network.Netstat/results.json,142,68557725b59eda2b525634567bf06ce57f298b1177a8a125f028b114c0fdc606
2026-02-10T09:37:43.0000000Z,EventTime,process,Windows.System.Pslist,velociraptor,WKS-CORP-01,SYSTEM,process event #143 on WKS-CORP-01,C:\evidence\process\item-143.dat,high,1,Suspicious activity 143,sigma,T1059; T1059.001,high,,,,,,,,,,,,,,,,,,,,,,,,raw/Windows.System.Pslist/results.json,143,971bed869a5d6453a7d379e6c9bd7dec439c0ec7281c6140f53e3b63e69e3747
2026-02-10T09:38:24.0000000Z,Modified,filesystem,Generic.Collectors.File,velociraptor,WKS-CORP-01,DOMAIN\alice,filesystem event #144 on WKS-CORP-01,C:\evidence\filesystem\item-144.dat,none,0,,,,,,,,,,,,,,,,,,,,,,,,,,,,raw/Generic.Collectors.File/results.json,144,8601422c20c5ac098693931b7251f8112a23f5a1985924b10dd271d1c5afff76
2026-02-10T09:39:05.0000000Z,EventTime,eventlog,Windows.EventLogs.Evtx,velociraptor,WKS-CORP-01,DOMAIN\bob,eventlog event #145 on WKS-CORP-01,C:\evidence\eventlog\item-145.dat,none,0,,,,,,,,,,,,,,,,,,,,,,,,,,,,raw/Windows.EventLogs.Evtx/results.json,145,5be9935e2f87ff7f299d5c59dd42e7b07726ce5298f1eac627735a0f68549de8
2026-02-10T09:39:46.0000000Z,LastWriteTime,registry,Windows.Registry.AppCompatCache,velociraptor,WKS-CORP-01,SYSTEM,registry event #146 on WKS-CORP-01,C:\evidence\registry\item-146.dat,none,0,,,,,,,,,,,,,,,,,,,,,,,,,,,,raw/Windows.Registry.AppCompatCache/results.json,146,6a95266df559f8e85df9336abfab0d728990df595c3604e0f259bf18ea501f19
2026-02-10T09:40:27.0000000Z,LastExecuted,execution,Windows.Forensics.Prefetch,velociraptor,WKS-CORP-01,SYSTEM,execution event #147 on WKS-CORP-01,C:\evidence\execution\item-147.dat,none,0,,,,,,,,,,,,,,,,,,,,,,,,,,,,raw/Windows.Forensics.Prefetch/results.json,147,5beb47b4267b95873d8da92a17a45af5a5494c380ebc80b51923a85286bc653e
2026-02-10T09:41:08.0000000Z,EventTime,network,Windows.Network.Netstat,velociraptor,WKS-CORP-01,DOMAIN\alice,network event #148 on WKS-CORP-01,C:\evidence\network\item-148.dat,none,0,,,,,,,,,,,,,,,,,,,,,,,,,,,,raw/Windows.Network.Netstat/results.json,148,d75aab461c45f9117643ad46a02aecd89a7b8ff30e20dd615dffc80f6188bd69
2026-02-10T09:41:49.0000000Z,EventTime,process,Windows.System.Pslist,velociraptor,WKS-CORP-01,DOMAIN\bob,process event #149 on WKS-CORP-01,C:\evidence\process\item-149.dat,none,0,,,,,,,,,,,,,,,,,,,,,,,,,,,,raw/Windows.System.Pslist/results.json,149,476ed2a5428a1a2933a403b2346e1058eec97f9e2e498135ca1a524bf8eacd05
2026-02-10T09:42:30.0000000Z,Modified,filesystem,Generic.Collectors.File,velociraptor,WKS-CORP-01,SYSTEM,filesystem event #150 on WKS-CORP-01,C:\evidence\filesystem\item-150.dat,none,0,,,,,,,,,,,,,,,,,,,,,,,,,,,,raw/Generic.Collectors.File/results.json,150,4cf3b2f7e1084d01f0ef6ef0de469157a2dbc90f6e333965843d324336b6d221
2026-02-10T09:43:11.0000000Z,EventTime,eventlog,Windows.EventLogs.Evtx,velociraptor,WKS-CORP-01,SYSTEM,eventlog event #151 on WKS-CORP-01,C:\evidence\eventlog\item-151.dat,none,0,,,,,,,,,,,,,,,,,,,,,,,,,,,,raw/Windows.EventLogs.Evtx/results.json,151,58e6794020627beebc39485028e63fb80cd1edb2608e5c699838562c5cfe7bae
2026-02-10T09:43:52.0000000Z,LastWriteTime,registry,Windows.Registry.AppCompatCache,velociraptor,WKS-CORP-01,DOMAIN\alice,registry event #152 on WKS-CORP-01,C:\evidence\registry\item-152.dat,none,0,,,,,,,,,,,,,,,,,,,,,,,,,,,,raw/Windows.Registry.AppCompatCache/results.json,152,099f445131372e8e94c15dbe94f0e0483de7a92fd60f5aa96dc8dfb4e3ad48f1
2026-02-10T09:44:33.0000000Z,LastExecuted,execution,Windows.Forensics.Prefetch,velociraptor,WKS-CORP-01,DOMAIN\bob,execution event #153 on WKS-CORP-01,C:\evidence\execution\item-153.dat,none,0,,,,,,,,,,,,,,,,,,,,,,,,,,,,raw/Windows.Forensics.Prefetch/results.json,153,64cd44178695cdb0ace7333510aad05c171af02afebcdd9c87464832abbcb0d8
2026-02-10T09:45:14.0000000Z,EventTime,network,Windows.Network.Netstat,velociraptor,WKS-CORP-01,SYSTEM,network event #154 on WKS-CORP-01,C:\evidence\network\item-154.dat,none,0,,,,,,,,,,,,,,,,,,,,,,,,,,,,raw/Windows.Network.Netstat/results.json,154,5506e10b70a2737ccde30b2abc6770eb7de59ba482ff082b5255aa5e61b2dea8
2026-02-10T09:45:55.0000000Z,EventTime,process,Windows.System.Pslist,velociraptor,WKS-CORP-01,SYSTEM,process event #155 on WKS-CORP-01,C:\evidence\process\item-155.dat,none,0,,,,,,,,,,,,,,,,,,,,,,,,,,,,raw/Windows.System.Pslist/results.json,155,6a8ad48501c2115de1cc5487c3d755af2a21183da9770e562e7ebc28ec5d8353
2026-02-10T09:46:36.0000000Z,Modified,filesystem,Generic.Collectors.File,velociraptor,WKS-CORP-01,DOMAIN\alice,filesystem event #156 on WKS-CORP-01,C:\evidence\filesystem\item-156.dat,critical,2,Suspicious activity 156; Malware family 156,sigma; yara,T1059; T1059.001,critical; medium,,,,,,,,,,,,,,,,,,,,,,,,raw/Generic.Collectors.File/results.json,156,762d81ddf20cb6ba22d1c6cdcf499fa6db6bf49e75a35e3935d45a2678e004b0
2026-02-10T09:47:17.0000000Z,EventTime,eventlog,Windows.EventLogs.Evtx,velociraptor,WKS-CORP-01,DOMAIN\bob,eventlog event #157 on WKS-CORP-01,C:\evidence\eventlog\item-157.dat,none,0,,,,,,,,,,,,,,,,,,,,,,,,,,,,raw/Windows.EventLogs.Evtx/results.json,157,58a2b38ac4a0b7c4bb3a23114fef87fc73ac529eebc0154f3ea28bda65c9146e
2026-02-10T09:47:58.0000000Z,LastWriteTime,registry,Windows.Registry.AppCompatCache,velociraptor,WKS-CORP-01,SYSTEM,registry event #158 on WKS-CORP-01,C:\evidence\registry\item-158.dat,none,0,,,,,,,,,,,,,,,,,,,,,,,,,,,,raw/Windows.Registry.AppCompatCache/results.json,158,e512844e85578d205cc69fb018b36b7d60bd8ce06089dd23d5bbeeda6a22d016
2026-02-10T09:48:39.0000000Z,LastExecuted,execution,Windows.Forensics.Prefetch,velociraptor,WKS-CORP-01,SYSTEM,execution event #159 on WKS-CORP-01,C:\evidence\execution\item-159.dat,none,0,,,,,,,,,,,,,,,,,,,,,,,,,,,,raw/Windows.Forensics.Prefetch/results.json,159,d62f818dee043a7762a2c977186dcb756a0a2d7957ecb4d5d0af2678d230f93e
2026-02-10T09:49:20.0000000Z,EventTime,network,Windows.Network.Netstat,velociraptor,WKS-CORP-01,DOMAIN\alice,network event #160 on WKS-CORP-01,C:\evidence\network\item-160.dat,none,0,,,,,,,,,,,,,,,,,,,,,,,,,,,,raw/Windows.Network.Netstat/results.json,160,bab5ea052597f5a29fd580c5227f7f9cafc6f1bb4bc463278aa7f97777fd727b
2026-02-10T09:50:01.0000000Z,EventTime,process,Windows.System.Pslist,velociraptor,WKS-CORP-01,DOMAIN\bob,process event #161 on WKS-CORP-01,C:\evidence\process\item-161.dat,none,0,,,,,,,,,,,,,,,,,,,,,,,,,,,,raw/Windows.System.Pslist/results.json,161,3c8bcb780cc5d551be89d8f035c49a9bad50247618ce380d226f65c62f9efc30
2026-02-10T09:50:42.0000000Z,Modified,filesystem,Generic.Collectors.File,velociraptor,WKS-CORP-01,SYSTEM,filesystem event #162 on WKS-CORP-01,C:\evidence\filesystem\item-162.dat,none,0,,,,,,,,,,,,,,,,,,,,,,,,,,,,raw/Generic.Collectors.File/results.json,162,04a2ec9f1f53e81c1b18135f8a445bd64a2225d49d5fc970acf1f4dfe723e6bb
2026-02-10T09:51:23.0000000Z,EventTime,eventlog,Windows.EventLogs.Evtx,velociraptor,WKS-CORP-01,SYSTEM,eventlog event #163 on WKS-CORP-01,C:\evidence\eventlog\item-163.dat,none,0,,,,,,,,,,,,,,,,,,,,,,,,,,,,raw/Windows.EventLogs.Evtx/results.json,163,7beeb899f62ac8bc6ec548b3f6b958bf7ecb5d7b085f0a7121edcc46d67b3c1e
2026-02-10T09:52:04.0000000Z,LastWriteTime,registry,Windows.Registry.AppCompatCache,velociraptor,WKS-CORP-01,DOMAIN\alice,registry event #164 on WKS-CORP-01,C:\evidence\registry\item-164.dat,none,0,,,,,,,,,,,,,,,,,,,,,,,,,,,,raw/Windows.Registry.AppCompatCache/results.json,164,dc43fcd6d829b225e2f2d984a5960030d4235080d5a1f6fc7af9d633b2c9690e
2026-02-10T09:52:45.0000000Z,LastExecuted,execution,Windows.Forensics.Prefetch,velociraptor,WKS-CORP-01,DOMAIN\bob,execution event #165 on WKS-CORP-01,C:\evidence\execution\item-165.dat,none,0,,,,,,,,,,,,,,,,,,,,,,,,,,,,raw/Windows.Forensics.Prefetch/results.json,165,a8ad2bd1f73947ae011e06a5c71546c5676bca0f7391d7317cbe4fa698e313bd
2026-02-10T09:53:26.0000000Z,EventTime,network,Windows.Network.Netstat,velociraptor,WKS-CORP-01,SYSTEM,network event #166 on WKS-CORP-01,C:\evidence\network\item-166.dat,none,0,,,,,,,,,,,,,,,,,,,,,,,,,,,,raw/Windows.Network.Netstat/results.json,166,de5bafff0ad252232bb819cbf26ae412323ff8bc270998a9ced44a7a587e88bc
2026-02-10T09:54:07.0000000Z,EventTime,process,Windows.System.Pslist,velociraptor,WKS-CORP-01,SYSTEM,process event #167 on WKS-CORP-01,C:\evidence\process\item-167.dat,none,0,,,,,,,,,,,,,,,,,,,,,,,,,,,,raw/Windows.System.Pslist/results.json,167,90759e50ee9b88cc511f4287aa1c3d0042c74d46b1f220a76aabad3ddf2a3502
2026-02-10T09:54:48.0000000Z,Modified,filesystem,Generic.Collectors.File,velociraptor,WKS-CORP-01,DOMAIN\alice,filesystem event #168 on WKS-CORP-01,C:\evidence\filesystem\item-168.dat,none,0,,,,,,,,,,,,,,,,,,,,,,,,,,,,raw/Generic.Collectors.File/results.json,168,3e9065c7eb5606daabf4a1572ad73a7b4abe0cd41549fc7b728da83bd8560398
2026-02-10T09:55:29.0000000Z,EventTime,eventlog,Windows.EventLogs.Evtx,velociraptor,WKS-CORP-01,DOMAIN\bob,eventlog event #169 on WKS-CORP-01,C:\evidence\eventlog\item-169.dat,high,1,Suspicious activity 169,sigma,T1059; T1059.001,high,,,,,,,,,,,,,,,,,,,,,,,,raw/Windows.EventLogs.Evtx/results.json,169,72adb55744a2e64def519100a712afbaa1bc4de6c7aaba3e533e180717b1d003
2026-02-10T09:56:10.0000000Z,LastWriteTime,registry,Windows.Registry.AppCompatCache,velociraptor,WKS-CORP-01,SYSTEM,registry event #170 on WKS-CORP-01,C:\evidence\registry\item-170.dat,none,0,,,,,,,,,,,,,,,,,,,,,,,,,,,,raw/Windows.Registry.AppCompatCache/results.json,170,f90f7ec1cef674fe188d094ee839f13229964c94c9a2cd097f297b4f73512b8b
2026-02-10T09:56:51.0000000Z,LastExecuted,execution,Windows.Forensics.Prefetch,velociraptor,WKS-CORP-01,SYSTEM,execution event #171 on WKS-CORP-01,C:\evidence\execution\item-171.dat,none,0,,,,,,,,,,,,,,,,,,,,,,,,,,,,raw/Windows.Forensics.Prefetch/results.json,171,b0d5e0c2b45bf89d95e09dc4179d531d1790d329c9263a9d7535a922fcf7f63f
2026-02-10T09:57:32.0000000Z,EventTime,network,Windows.Network.Netstat,velociraptor,WKS-CORP-01,DOMAIN\alice,network event #172 on WKS-CORP-01,C:\evidence\network\item-172.dat,none,0,,,,,,,,,,,,,,,,,,,,,,,,,,,,raw/Windows.Network.Netstat/results.json,172,7d976c88817e8fc1ef5d4ff573d3c3cb8a10254536c548c9912d58b840825f12
2026-02-10T09:58:13.0000000Z,EventTime,process,Windows.System.Pslist,velociraptor,WKS-CORP-01,DOMAIN\bob,process event #173 on WKS-CORP-01,C:\evidence\process\item-173.dat,none,0,,,,,,,,,,,,,,,,,,,,,,,,,,,,raw/Windows.System.Pslist/results.json,173,e4eb91c723d95ac5ed07baf05a9c3344c2a716f51acc5c18f79c505e890b04f4
2026-02-10T09:58:54.0000000Z,Modified,filesystem,Generic.Collectors.File,velociraptor,WKS-CORP-01,SYSTEM,filesystem event #174 on WKS-CORP-01,C:\evidence\filesystem\item-174.dat,none,0,,,,,,,,,,,,,,,,,,,,,,,,,,,,raw/Generic.Collectors.File/results.json,174,2d85e52f25917458fc95c27a701146f44751199cd0032c7b7322070982c5660f
2026-02-10T09:59:35.0000000Z,EventTime,eventlog,Windows.EventLogs.Evtx,velociraptor,WKS-CORP-01,SYSTEM,eventlog event #175 on WKS-CORP-01,C:\evidence\eventlog\item-175.dat,none,0,,,,,,,,,,,,,,,,,,,,,,,,,,,,raw/Windows.EventLogs.Evtx/results.json,175,11a468a7bb18976f2ad0de6002f8b920c3a8bdff77f97c1cd001d6f64bff908e
2026-02-10T10:00:16.0000000Z,LastWriteTime,registry,Windows.Registry.AppCompatCache,velociraptor,WKS-CORP-01,DOMAIN\alice,registry event #176 on WKS-CORP-01,C:\evidence\registry\item-176.dat,none,0,,,,,,,,,,,,,,,,,,,,,,,,,,,,raw/Windows.Registry.AppCompatCache/results.json,176,ee315f016d2b6a74f09c36bd34008785643796e1c17f84bcbba7a293d44165a8
2026-02-10T10:00:57.0000000Z,LastExecuted,execution,Windows.Forensics.Prefetch,velociraptor,WKS-CORP-01,DOMAIN\bob,execution event #177 on WKS-CORP-01,C:\evidence\execution\item-177.dat,none,0,,,,,,,,,,,,,,,,,,,,,,,,,,,,raw/Windows.Forensics.Prefetch/results.json,177,3b7843667b2f0da09ebf825ae004952603c317050e30256e1e9b249d92ff35c3
2026-02-10T10:01:38.0000000Z,EventTime,network,Windows.Network.Netstat,velociraptor,WKS-CORP-01,SYSTEM,network event #178 on WKS-CORP-01,C:\evidence\network\item-178.dat,none,0,,,,,,,,,,,,,,,,,,,,,,,,,,,,raw/Windows.Network.Netstat/results.json,178,15a635f61be51083de12f8a63d77ab93d3821599340a6c48f24dae5e93f674ef
2026-02-10T10:02:19.0000000Z,EventTime,process,Windows.System.Pslist,velociraptor,WKS-CORP-01,SYSTEM,process event #179 on WKS-CORP-01,C:\evidence\process\item-179.dat,none,0,,,,,,,,,,,,,,,,,,,,,,,,,,,,raw/Windows.System.Pslist/results.json,179,6d9427c0ef23c6350fefd3957f96f2153974bcae6f0cfc85704e91279e856b95
2026-02-10T10:03:00.0000000Z,Modified,filesystem,Generic.Collectors.File,velociraptor,WKS-CORP-01,DOMAIN\alice,filesystem event #180 on WKS-CORP-01,C:\evidence\filesystem\item-180.dat,none,0,,,,,,,,,,,,,,,,,,,,,,,,,,,,raw/Generic.Collectors.File/results.json,180,5ff5f99ff2884e4c25ee01bc32d73ee53132dacfcb8100447a0e7ec2faab5d89
2026-02-10T10:03:41.0000000Z,EventTime,eventlog,Windows.EventLogs.Evtx,velociraptor,WKS-CORP-01,DOMAIN\bob,eventlog event #181 on WKS-CORP-01,C:\evidence\eventlog\item-181.dat,none,0,,,,,,,,,,,,,,,,,,,,,,,,,,,,raw/Windows.EventLogs.Evtx/results.json,181,4cf5dcd2196defd50b5916fd179e97b1d2dbc9ace17eaa66f45f54e5d6437c95
2026-02-10T10:04:22.0000000Z,LastWriteTime,registry,Windows.Registry.AppCompatCache,velociraptor,WKS-CORP-01,SYSTEM,registry event #182 on WKS-CORP-01,C:\evidence\registry\item-182.dat,critical,2,Suspicious activity 182; Malware family 182,sigma; yara,T1059; T1059.001,critical; medium,,,,,,,,,,,,,,,,,,,,,,,,raw/Windows.Registry.AppCompatCache/results.json,182,9bd5c5305f4c5fb3da3cf0fee2d401019775980055a90688527b82dea7b49975
2026-02-10T10:05:03.0000000Z,LastExecuted,execution,Windows.Forensics.Prefetch,velociraptor,WKS-CORP-01,SYSTEM,execution event #183 on WKS-CORP-01,C:\evidence\execution\item-183.dat,none,0,,,,,,,,,,,,,,,,,,,,,,,,,,,,raw/Windows.Forensics.Prefetch/results.json,183,98f6d9311b5c621ef85a956863d967ad84bec6887040efa5e38c74182bb01674
2026-02-10T10:05:44.0000000Z,EventTime,network,Windows.Network.Netstat,velociraptor,WKS-CORP-01,DOMAIN\alice,network event #184 on WKS-CORP-01,C:\evidence\network\item-184.dat,none,0,,,,,,,,,,,,,,,,,,,,,,,,,,,,raw/Windows.Network.Netstat/results.json,184,da796b5e6b169a311b4f4346fb368ef610229f80de3f0dcaf8b1e31b5b763cba
2026-02-10T10:06:25.0000000Z,EventTime,process,Windows.System.Pslist,velociraptor,WKS-CORP-01,DOMAIN\bob,process event #185 on WKS-CORP-01,C:\evidence\process\item-185.dat,none,0,,,,,,,,,,,,,,,,,,,,,,,,,,,,raw/Windows.System.Pslist/results.json,185,dd81816938abd70a6b8d0fa2f1a9ebc81367f33bddda69399c6b671d0fa9fe13
2026-02-10T10:07:06.0000000Z,Modified,filesystem,Generic.Collectors.File,velociraptor,WKS-CORP-01,SYSTEM,filesystem event #186 on WKS-CORP-01,C:\evidence\filesystem\item-186.dat,none,0,,,,,,,,,,,,,,,,,,,,,,,,,,,,raw/Generic.Collectors.File/results.json,186,e21d13d24e73734342a830277cc1d6ad4470d31e0a3d2fee864f84dddc4e00a7
2026-02-10T10:07:47.0000000Z,EventTime,eventlog,Windows.EventLogs.Evtx,velociraptor,WKS-CORP-01,SYSTEM,eventlog event #187 on WKS-CORP-01,C:\evidence\eventlog\item-187.dat,none,0,,,,,,,,,,,,,,,,,,,,,,,,,,,,raw/Windows.EventLogs.Evtx/results.json,187,0b8365b46f3173b5811b97df1f2ed370aebbff8d190b7f80cabc1e236ecc2b21
2026-02-10T10:08:28.0000000Z,LastWriteTime,registry,Windows.Registry.AppCompatCache,velociraptor,WKS-CORP-01,DOMAIN\alice,registry event #188 on WKS-CORP-01,C:\evidence\registry\item-188.dat,none,0,,,,,,,,,,,,,,,,,,,,,,,,,,,,raw/Windows.Registry.AppCompatCache/results.json,188,e6e7d0a59774c8084453f65e379f036ef3efb700e1cddf978b92c2367ef813d5
2026-02-10T10:09:09.0000000Z,LastExecuted,execution,Windows.Forensics.Prefetch,velociraptor,WKS-CORP-01,DOMAIN\bob,execution event #189 on WKS-CORP-01,C:\evidence\execution\item-189.dat,none,0,,,,,,,,,,,,,,,,,,,,,,,,,,,,raw/Windows.Forensics.Prefetch/results.json,189,bcafa28085200445a2643527f7ee73920837c4880d8bfad93b07573adad79fab
2026-02-10T10:09:50.0000000Z,EventTime,network,Windows.Network.Netstat,velociraptor,WKS-CORP-01,SYSTEM,network event #190 on WKS-CORP-01,C:\evidence\network\item-190.dat,none,0,,,,,,,,,,,,,,,,,,,,,,,,,,,,raw/Windows.Network.Netstat/results.json,190,21202f1659a6b9e10dc5ea22053184cd76ab0f1e25850e44038d4feb250cc41b
2026-02-10T10:10:31.0000000Z,EventTime,process,Windows.System.Pslist,velociraptor,WKS-CORP-01,SYSTEM,process event #191 on WKS-CORP-01,C:\evidence\process\item-191.dat,none,0,,,,,,,,,,,,,,,,,,,,,,,,,,,,raw/Windows.System.Pslist/results.json,191,829a1a562835107d717db0c6edbb295eccf99f79037a150dbccae65c0edd5d69
2026-02-10T10:11:12.0000000Z,Modified,filesystem,Generic.Collectors.File,velociraptor,WKS-CORP-01,DOMAIN\alice,filesystem event #192 on WKS-CORP-01,C:\evidence\filesystem\item-192.dat,none,0,,,,,,,,,,,,,,,,,,,,,,,,,,,,raw/Generic.Collectors.File/results.json,192,29e0f57223fc7ca53f428467a06093e5c7d5acf166428a238d66b0db7e353c03
2026-02-10T10:11:53.0000000Z,EventTime,eventlog,Windows.EventLogs.Evtx,velociraptor,WKS-CORP-01,DOMAIN\bob,eventlog event #193 on WKS-CORP-01,C:\evidence\eventlog\item-193.dat,none,0,,,,,,,,,,,,,,,,,,,,,,,,,,,,raw/Windows.EventLogs.Evtx/results.json,193,949467429fa0e17edd9248228e8cb35d024a175887c3d1db598409c034830445
2026-02-10T10:12:34.0000000Z,LastWriteTime,registry,Windows.Registry.AppCompatCache,velociraptor,WKS-CORP-01,SYSTEM,registry event #194 on WKS-CORP-01,C:\evidence\registry\item-194.dat,none,0,,,,,,,,,,,,,,,,,,,,,,,,,,,,raw/Windows.Registry.AppCompatCache/results.json,194,9cc043efabc509bc68e212143afdedc43efe3faf45693e8672aa8bc8e500be41
2026-02-10T10:13:15.0000000Z,LastExecuted,execution,Windows.Forensics.Prefetch,velociraptor,WKS-CORP-01,SYSTEM,execution event #195 on WKS-CORP-01,C:\evidence\execution\item-195.dat,high,1,Suspicious activity 195,sigma,T1059; T1059.001,high,,,,,,,,,,,,,,,,,,,,,,,,raw/Windows.Forensics.Prefetch/results.json,195,e462797b535323014d154e42acd6f6e91fdd5ee91b46cd541cef997f392c2b66
2026-02-10T10:13:56.0000000Z,EventTime,network,Windows.Network.Netstat,velociraptor,WKS-CORP-01,DOMAIN\alice,network event #196 on WKS-CORP-01,C:\evidence\network\item-196.dat,none,0,,,,,,,,,,,,,,,,,,,,,,,,,,,,raw/Windows.Network.Netstat/results.json,196,fcfa09780d0e2c3d4b2b43187d59a73ee7f3d500f8cce606d1ed378b7b997fc5
2026-02-10T10:14:37.0000000Z,EventTime,process,Windows.System.Pslist,velociraptor,WKS-CORP-01,DOMAIN\bob,process event #197 on WKS-CORP-01,C:\evidence\process\item-197.dat,none,0,,,,,,,,,,,,,,,,,,,,,,,,,,,,raw/Windows.System.Pslist/results.json,197,e94e0fbcf2c947afcd72d0c55c75bd434890885125c85934f8f65d7f24cab8c0
2026-02-10T10:15:18.0000000Z,Modified,filesystem,Generic.Collectors.File,velociraptor,WKS-CORP-01,SYSTEM,filesystem event #198 on WKS-CORP-01,C:\evidence\filesystem\item-198.dat,none,0,,,,,,,,,,,,,,,,,,,,,,,,,,,,raw/Generic.Collectors.File/results.json,198,34c01ca4a3f7a7e556a6b1f5efa289c26b052fa8bf9a29f276d40e1686600b3d
2026-02-10T10:15:59.0000000Z,EventTime,eventlog,Windows.EventLogs.Evtx,velociraptor,WKS-CORP-01,SYSTEM,eventlog event #199 on WKS-CORP-01,C:\evidence\eventlog\item-199.dat,none,0,,,,,,,,,,,,,,,,,,,,,,,,,,,,raw/Windows.EventLogs.Evtx/results.json,199,5b1298971dab6e3d96c93cddc502e8f3cc8736cd8485abe61f008c2eea1ac2d7
